232-64-3558,Christina Keebler,Customer Administration Strategist,$90 161
243-83-3796,Tierra Bednar,Construction Designer,$104 620
824-80-2514,Dewayne Lakin,Government Representative,$39 434
667-42-1064,Rupert Brakus,Education Manager,$49 249
705-82-5847,Kala Dicki,Government Associate,$63 258
783-01-5742,Melodee Windler,Direct IT Assistant,$33 191
706-80-8723,Kristie Moore,Customer Architect,$78 208
476-79-8704,Cameron Kovacek,Future Retail Administrator,$58 857
871-45-7320,Ella Stamm,Forward Education Assistant,$29 102
460-62-4306,Dena Prosacco,Banking Manager,$45 739
857-40-2303,Eric Barton,Central Education Developer,$47 319
240-80-3399,Louanne Osinski,Chief Consulting Technician,$63 506
790-01-5260,Mack Wilderman,Administration Manager,$92 752
916-29-4137,Glennis Sipes,Regional Community-Services Agent,$60 520
605-13-4318,Dora Ryan,Legacy Orchestrator,$50 692
820-19-5747,Emilie Hane,Community-Services Orchestrator,$51 777
162-31-5792,Kirstie Witting,Customer Strategist,$37 492
780-70-0289,Cory Grant,National Accounting Administrator,$87 873
310-43-0247,Jay Hane,Future Marketing Designer,$74 646
205-35-9880,Susana Fadel,National Healthcare Specialist,$54 444
168-94-2403,Una Greenfelder,Principal Farming Orchestrator,$93 770
206-51-1516,Celinda Kunze,Forward Education Liaison,$124 988
426-94-0366,Anton Collins,Lead Construction Coordinator,$47 557
719-22-8776,Clyde Lubowitz,National Farming Associate,$120 892
274-25-6217,Ashley Stehr,Technology Administrator,$115 257
135-76-1632,Lorenza Champlin,Global Education Facilitator,$55 568
927-64-0659,Vina Streich,Internal Manager,$28 091
184-63-4643,Jo O'Keefe,Hospitality Developer,$85 717
846-71-9094,Tiana Jacobi,IT Assistant,$106 008
421-99-7504,Freddie Trantow,Human Farming Director,$79 749
392-55-4120,Lucienne Steuber,District Consulting Liaison,$34 950
386-05-6118,Zachery Cruickshank,Mining Agent,$118 211
599-79-0354,Lesley Murphy,Investor Healthcare Planner,$74 592
759-30-5073,Brooks Glover,Corporate Accounting Representative,$66 567
742-94-3598,Isreal Waelchi,Regional Mining Associate,$61 201
188-53-5223,Lillie Weissnat,Consulting Developer,$56 542
792-83-7966,Rosamond Cruickshank,Legacy Consulting Analyst,$37 799
432-58-5411,Garnet Altenwerth,Chief Healthcare Producer,$61 467
827-91-9624,Amberly Greenholt,District Producer,$89 750
389-55-7570,Clinton Kris,Direct IT Engineer,$116 963
240-16-1743,Elden Jaskolski,Chief IT Producer,$121 487
170-59-4443,Rosalva Harris,Product Executive,$119 661
926-48-4496,Janita Schimmel,Future Real-Estate Strategist,$55 790
519-41-2883,Jacelyn Ryan,Investor Farming Facilitator,$79 230
847-97-8040,Dillon Waelchi,Investor Developer,$25 441
875-84-9139,Ned Funk,Retail Strategist,$97 795
577-68-3004,Hyman Douglas,Central Technology Agent,$123 263
588-09-5720,Marcellus Green,Investor Mining Associate,$61 985
804-67-8139,Andre Wyman,Global Planner,$111 032
485-52-7475,Alexander Gutmann,Forward Sales Consultant,$52 831
179-55-8721,See Klocko,Customer Associate,$28 603
165-66-5416,Blaine Funk,Direct Consulting Architect,$102 545
738-88-7729,Margarito Mohr,Marketing Agent,$92 480
359-72-7439,Darnell Denesik,National Design Facilitator,$90 217
740-76-9303,Yadira Bailey,Chief Mining Associate,$45 151
297-15-8106,Savanna Runte,Advertising Administrator,$123 650
452-50-9824,Nancee Goodwin,Future Community-Services Director,$86 611
807-09-7570,Dagny Krajcik,Central Sales Producer,$62 434
333-83-2038,Temeka Turcotte,Hospitality Architect,$37 106
621-07-7020,Chi Hoppe,Direct Construction Orchestrator,$57 410
922-61-0279,Renetta Fisher,Human Marketing Designer,$112 462
873-35-9567,Ching Satterfield,Internal Consulting Liaison,$25 491
527-88-0820,Melaine Schinner,Lead Mining Analyst,$117 676
203-34-4857,Charlott Bahringer,Mining Coordinator,$99 902
589-10-8821,Melita Barrows,Administration Agent,$26 801
582-53-0857,Julio Satterfield,Customer Design Representative,$91 688
239-28-6373,Tomas Balistreri,Design Producer,$101 346
331-48-4051,Mckinley Rau,Lead Technology Developer,$117 256
787-83-6462,Alicia Adams,Future Liaison,$118 245
167-39-8515,Antione Ebert,Customer Retail Specialist,$92 669
734-53-5406,Malisa Durgan,Investor Education Coordinator,$72 070
609-32-7688,Francis Rath,Future Administrator,$95 356
857-91-3976,Louise Mueller,Consulting Orchestrator,$56 478
955-32-6807,Raisa VonRueden,Senior Marketing Orchestrator,$68 117
850-48-7059,Hannelore Mosciski,Central Executive,$92 960
543-32-8816,Hoyt Cummings,Chief Facilitator,$114 964
235-88-4635,Dara Wehner,Customer Real-Estate Consultant,$53 864
443-24-8647,Corazon Rippin,Design Assistant,$36 072
543-30-9330,Wanda Vandervort,Administration Director,$65 860
202-23-0509,Barb Sawayn,Customer Advertising Associate,$49 858
211-70-4136,Tia Harber,Design Consultant,$33 467
731-65-7403,Bret Gutmann,Real-Estate Assistant,$103 730
614-17-0667,Caroline Lockman,Government Coordinator,$45 928
618-38-2829,Millie Mitchell,National Manager,$77 825
917-55-2678,Samual Hermiston,Investor Consultant,$74 657
114-70-8776,Cary Howe,Corporate Retail Strategist,$97 391
510-83-2741,Alla Hayes,Advertising Producer,$64 599
393-12-7061,Gil Zieme,Education Manager,$76 015
203-23-0427,Jannette Homenick,Central Legal Orchestrator,$97 037
746-47-6051,Mark Labadie,Investor Representative,$113 903
901-93-6096,Carlton Jerde,International Banking Coordinator,$73 024
258-09-2401,Fonda Muller,Chief Retail Director,$33 194
817-72-5126,Gaston Mante,Design Assistant,$96 304
301-63-3708,Thuy Waelchi,Real-Estate Associate,$112 985
687-31-6717,Maureen Harber,Accounting Manager,$59 201
432-73-8815,Julene Kling,Product Manufacturing Supervisor,$31 192
199-38-5060,Avery Macejkovic,Construction Developer,$111 152
142-73-9757,Darell O'Kon,Internal Retail Associate,$114 629
689-13-4650,Glenn Orn,Banking Consultant,$58 276
760-44-5090,Yong Legros,Global Administration Director,$60 395
700-01-4135,Jason Borer,Global Sales Agent,$112 908
382-08-3287,Bobby Mitchell,Sales Planner,$36 831
969-35-8922,Audie Hoeger,Future Construction Engineer,$78 619
295-67-2302,Josiah Crona,District Analyst,$52 344
283-21-8557,Osvaldo Will,Hospitality Officer,$72 640
470-68-5385,Manda Breitenberg,Product Marketing Liaison,$117 149
578-09-5969,Daron Johns,Human Coordinator,$62 105
570-07-0866,Omar Rippin,Forward Architect,$119 481
546-30-5964,Nathan Morar,Direct Representative,$37 440
606-37-5543,Rima Beier,Education Designer,$70 899
551-03-7046,Barney Conn,Design Executive,$106 919
515-55-2610,Sheldon Schimmel,Global Developer,$116 336
606-78-6401,Laree Schulist,Lead Marketing Director,$79 763
900-15-2290,Scottie Bode,Hospitality Analyst,$58 891
992-06-9794,Eldridge Murphy,Senior Construction Consultant,$26 878
685-72-5649,Linwood Towne,Forward Manufacturing Developer,$111 466
162-12-3917,Brittny Oberbrunner,Design Liaison,$77 229
722-35-1554,Thanh Thompson,Customer Strategist,$90 599
415-17-9120,Devon Cole,International Construction Strategist,$99 686
996-08-8954,Dino Altenwerth,Lead Real-Estate Engineer,$119 984
129-81-6485,Kris Collins,Direct Government Architect,$68 859
861-86-5796,Sacha Botsford,Lead Director,$106 057
637-02-9369,Prince Wunsch,Government Facilitator,$103 380
134-69-0716,Agripina Grady,Healthcare Liaison,$64 157
908-73-1999,Dylan Treutel,Future Marketing Consultant,$93 375
352-91-6822,Leon Fisher,Principal Construction Administrator,$109 222
940-21-9930,Sydney Block,Direct Community-Services Facilitator,$42 788
665-82-9713,Rex Herzog,Education Analyst,$109 017
923-35-4006,Christa Huels,Investor Officer,$111 986
568-66-5382,Georgie Effertz,Principal Real-Estate Manager,$58 491
538-56-2382,Lettie Schuster,Corporate Administrator,$121 269
221-09-9798,Theo Bartoletti,IT Manager,$50 182
288-14-2092,Natividad Wiza,International Community-Services Associate,$37 996
867-84-8368,Donnell McCullough,Principal Specialist,$45 830
299-90-7848,Anabel Grimes,Chief Consultant,$78 902
817-30-2034,Rickie Sporer,Advertising Representative,$46 429
197-91-8958,Shelby Treutel,Human Marketing Specialist,$75 605
514-09-2200,Kyla Nicolas,Manufacturing Supervisor,$96 236
344-28-1979,Domenica Ullrich,National Farming Technician,$122 225
124-63-1983,Dennis West,Forward Director,$62 108
667-13-0405,Marcy Kihn,Consulting Executive,$93 928
489-79-0519,Rebeca Lubowitz,Global Education Specialist,$77 163
186-54-3763,Jamie Emmerich,Chief Hospitality Executive,$75 512
429-03-9896,Rosella Dickinson,Forward Agent,$118 341
233-81-9908,Robbie Johns,Central Technology Analyst,$79 698
500-01-8758,Yevette Lindgren,Future Orchestrator,$69 608
198-18-6485,Lise Ankunding,District Design Associate,$85 222
696-81-3927,Charissa Reilly,Advertising Executive,$40 052
309-48-8952,Ferdinand Cole,Chief Real-Estate Manager,$92 871
163-88-5147,Weldon White,Technology Agent,$45 207
660-36-9004,Davida Wilderman,Legal Strategist,$116 065
841-56-7147,Mohamed Thompson,Sales Strategist,$106 138
939-90-3412,Darla Frami,Principal Executive,$109 276
356-38-7518,Lena Beatty,Sales Designer,$92 170
101-78-2958,Lindsay Toy,Healthcare Coordinator,$77 386
740-99-1111,Margert Ritchie,Global Farming Officer,$74 756
756-63-3593,Randolph MacGyver,Dynamic Construction Developer,$59 285
257-68-0808,Markus Ledner,District Manufacturing Producer,$69 298
285-87-5802,Mayme Runolfsdottir,Lead Designer,$81 351
810-45-0179,Arlen Weimann,Advertising Specialist,$121 432
526-40-3612,George Schumm,Healthcare Director,$85 131
417-27-1924,Kami Hettinger,Real-Estate Director,$40 316
775-58-5628,Franklin Kulas,Chief Associate,$108 701
324-58-8113,Prudence Schmitt,IT Developer,$55 774
458-26-5721,Jewell Rempel,Central Legal Analyst,$116 395
549-14-7607,Colby Barton,Hospitality Facilitator,$107 472
166-77-7245,Hong Spinka,Product Banking Orchestrator,$97 505
952-38-8048,Kendal Stroman,Product Manufacturing Developer,$93 959
715-98-8324,Reynalda Ziemann,Chief Producer,$108 770
577-78-0777,Cliff Emard,Internal Hospitality Assistant,$90 896
992-83-7651,Germaine Kovacek,Global Marketing Supervisor,$95 550
402-51-5882,Ambrose Ryan,Retail Architect,$71 290
105-22-2388,Matt Bernier,Government Assistant,$97 769
155-51-4485,Guadalupe Boyle,Farming Orchestrator,$94 307
473-18-7905,Ed Schuster,Accounting Engineer,$101 034
330-61-4367,Ofelia Nitzsche,IT Administrator,$91 792
334-47-7480,Lois Kovacek,Future Coordinator,$45 004
578-01-2602,Scott Predovic,Marketing Strategist,$54 533
558-27-4716,Dexter Mertz,National Construction Architect,$49 359
938-58-7786,Stasia Donnelly,IT Architect,$113 490
942-92-5282,Willy Spencer,Technology Architect,$73 358
448-74-4560,Dian Schamberger,Design Director,$112 287
533-44-7209,Pamula Bogisich,Hospitality Representative,$114 428
587-51-9212,Jerica Murphy,Administration Engineer,$43 005
792-57-1882,Goldie Rempel,Senior Legal Planner,$118 713
916-94-0348,Hermine Langosh,Internal Accounting Coordinator,$55 027
785-64-6318,Santa Flatley,Sales Liaison,$65 125
873-91-0091,Austin Bashirian,Education Technician,$47 940
917-07-7788,Donette Beahan,Internal Strategist,$36 927
504-54-3387,Illa Torphy,Central Manager,$34 946
979-67-8640,Gertie O'Kon,Corporate Education Analyst,$83 014
614-86-6195,Kristofer King,Principal Retail Director,$52 992
434-66-2409,Valentin Schowalter,Education Administrator,$98 630
570-74-3943,Gennie Turcotte,Manufacturing Developer,$54 433
551-08-7481,Dean Jones,Human Marketing Officer,$93 779
890-63-2768,Tory Halvorson,Customer Construction Designer,$82 207
521-81-4660,Lon Gottlieb,Farming Associate,$117 069
143-26-7437,Murray Conroy,Design Analyst,$31 868
456-30-4705,Rolando Prohaska,Investor Government Assistant,$64 924
612-53-6053,Parthenia Olson,Technology Executive,$47 452
985-70-4906,Melina Feeney,Future Sales Planner,$26 823
925-17-6727,Artie Romaguera,IT Coordinator,$107 982
530-70-1821,Benjamin Kunde,Lead Assistant,$30 491
947-51-9390,Carita Quitzon,Corporate Administration Representative,$47 601
902-27-0658,Patria Steuber,Investor Advertising Coordinator,$81 802
638-07-7453,Nidia O'Connell,Regional Legal Strategist,$94 205
766-79-5106,Letha Jacobi,Consulting Facilitator,$40 992
792-04-6897,Willie Tillman,Healthcare Designer,$92 930
856-57-4297,Leonarda Rodriguez,Legacy Engineer,$60 261
346-38-3152,Lindsay Haley,Real-Estate Developer,$123 608
495-20-9310,Winfred Kuhic,Corporate Facilitator,$117 185
778-83-9624,Eladia Smith,Manufacturing Specialist,$78 006
830-49-7178,Ulysses Marks,Forward Retail Manager,$97 087
698-24-3301,Ernesto Gottlieb,Dynamic Design Orchestrator,$76 355
613-37-1871,Jina Marquardt,Human Marketing Representative,$77 367
324-71-8231,Armanda Tillman,Corporate Architect,$120 964
387-52-5561,Malisa Becker,Internal Assistant,$123 493
865-41-4018,Nell Schuster,Mining Planner,$62 722
983-02-5001,Laurette Roberts,Future Farming Designer,$64 231
856-17-0820,Bret Lowe,Corporate Administrator,$105 875
233-47-9508,Andrea Schmeler,Government Associate,$34 435
941-77-0240,Yasmine Heidenreich,Mining Officer,$35 102
155-67-1831,Shaunda Denesik,Legacy Technology Agent,$72 686
200-34-2188,Filiberto Kuhic,Chief Government Agent,$45 378
516-82-9994,Ladawn Monahan,Consulting Assistant,$67 676
211-89-4797,Shameka Lindgren,Internal Technology Engineer,$123 850
266-92-2187,Aurora Paucek,Global Construction Producer,$96 950
170-79-5428,Antonina Satterfield,Advertising Technician,$111 641
370-96-8801,Jermaine Kautzer,Legacy Healthcare Strategist,$43 892
863-69-9198,Dante Tremblay,Design Executive,$65 887
997-04-2856,Randal Brown,Sales Specialist,$78 308
363-12-2027,Enoch Koss,Senior Real-Estate Coordinator,$102 954
627-06-1830,Merna Kub,Dynamic Healthcare Producer,$36 290
406-58-6615,Leona Hermiston,Senior Engineer,$29 463
532-62-2243,Fidel Kohler,Corporate Advertising Developer,$111 338
777-69-9484,Cleveland Smitham,Corporate Consulting Liaison,$61 815
710-81-6202,Camille Hegmann,National Administrator,$55 676
315-73-1651,Malcolm Shanahan,Healthcare Executive,$46 181
576-62-6088,Kirby Fisher,Investor Healthcare Technician,$104 317
768-59-2163,Lonnie Veum,Manufacturing Strategist,$78 380
743-48-7750,Juliane Gutmann,Lead IT Orchestrator,$37 895
906-72-3142,Lester Fisher,Community-Services Executive,$53 466
669-10-1471,Shanell Hodkiewicz,Future Sales Planner,$82 031
507-67-2692,Dan McCullough,Legal Agent,$59 902
128-91-4932,Raelene Reynolds,Corporate Mining Director,$82 996
333-64-2328,Jeffrey Gleason,District Design Coordinator,$34 482
380-63-4982,Elias Osinski,Banking Officer,$34 502
855-67-0422,Vanda Stehr,District Assistant,$49 001
273-78-3292,Mario Jacobi,IT Technician,$53 673
937-90-0263,Virgen Schowalter,Global Manufacturing Administrator,$67 759
243-89-1073,Hong Raynor,Human Marketing Planner,$100 497
204-20-5005,Luciana Johns,Real-Estate Analyst,$83 278
914-73-7385,Sung Welch,Customer Liaison,$107 457
917-65-3638,Ozie Wuckert,Forward Advertising Consultant,$118 631
506-45-9092,Melony Mills,Direct Administrator,$103 651
964-87-8777,Scotty Kreiger,National Education Director,$41 468
708-28-8991,Dave Mante,Forward Farming Consultant,$77 701
842-46-8960,Candyce Gerlach,Legacy IT Representative,$33 877
629-49-6403,Tommy Johns,Corporate Legal Executive,$95 961
493-69-5830,Eduardo McCullough,Global Administrator,$71 928
378-00-6153,Gerald McGlynn,Administration Director,$28 061
999-11-0399,Cole Ortiz,Retail Consultant,$79 868
797-16-8014,Minna Schuppe,Regional Technology Assistant,$83 631
341-02-6483,Argelia Kassulke,Accounting Assistant,$26 267
438-30-8777,Brittanie Dach,Banking Facilitator,$32 910
373-16-9266,Forest Rodriguez,Product Director,$97 319
264-14-3398,Gale Green,Marketing Orchestrator,$30 597
431-83-0787,Charlie Rice,Senior Hospitality Liaison,$60 391
459-76-2445,Shaun Kihn,Marketing Architect,$35 522
921-54-7015,Byron Padberg,Regional Construction Engineer,$79 765
811-43-4531,Charleen Aufderhar,Direct Healthcare Officer,$30 394
541-23-3442,Raquel Rosenbaum,Product Farming Developer,$57 866
158-47-0612,Trey Price,Legal Designer,$123 333
572-25-2850,Jamar White,Government Developer,$77 593
819-87-1154,Cole Yundt,Corporate Technology Agent,$91 563
332-52-3313,Manuel Steuber,Product Sales Planner,$92 389
616-98-4519,Lakeesha Johnson,Construction Producer,$115 539
478-44-0297,Corey Predovic,Principal Advertising Consultant,$116 079
759-81-1108,Hugh Waelchi,Marketing Specialist,$73 771
952-45-9479,Junior Renner,District Healthcare Producer,$98 883
937-35-8590,Rebecca Flatley,Sales Facilitator,$107 294
273-53-9559,Leland Hahn,Consulting Designer,$64 613
154-87-6144,Emiko Jaskolski,Forward Banking Architect,$66 248
436-53-9242,Teisha Blanda,Education Officer,$80 201
444-54-4035,Jeffery Hilpert,National IT Liaison,$124 070
105-89-2967,Cindi Pacocha,Community-Services Coordinator,$114 779
941-10-4859,Dallas Berge,National Farming Technician,$39 548
296-66-2300,Nelly Macejkovic,Lead Construction Architect,$86 680
592-66-7945,Max Considine,Banking Executive,$99 613
375-76-3286,Latesha Olson,Chief Director,$113 164
865-57-0190,Breanne Rempel,Investor Hospitality Consultant,$92 744
552-17-3478,Hayden Roob,Advertising Planner,$117 700
356-05-1140,Nelson Grady,Legal Officer,$69 741
227-72-3642,Ciera Braun,Consulting Executive,$42 639
447-21-0261,Lowell Botsford,Investor Executive,$31 941
458-33-3938,Alyse Hayes,IT Administrator,$57 790
824-61-8721,Charley Sanford,Human Design Administrator,$43 949
712-78-2263,Antione Tillman,Legacy Construction Facilitator,$29 809
522-48-9982,Ileana Daugherty,Direct Assistant,$26 762
284-81-0064,Rolland Pouros,National Assistant,$41 819
610-32-2260,Mertie Huels,Direct Community-Services Associate,$41 608
246-13-1394,Charley Davis,Customer Specialist,$29 416
247-74-7010,Honey Wuckert,Government Technician,$124 496
284-97-0132,Sherita Mann,District Farming Administrator,$81 200
670-85-1928,Gayla Hermann,Lead Construction Orchestrator,$77 243
688-10-7234,Rheba Dare,Legal Developer,$49 700
992-25-3487,Mariana Goldner,Corporate Legal Developer,$94 759
165-40-2226,Bradford Marvin,Corporate Community-Services Associate,$120 188
827-75-1341,Dinorah West,Internal Construction Officer,$73 354
784-89-6037,Jimmie Spinka,Dynamic Government Liaison,$120 487
167-39-9284,Samatha Botsford,Marketing Supervisor,$88 359
361-27-7142,Royce Bogisich,International Manager,$91 154
879-76-2848,Nora D'Amore,Community-Services Administrator,$96 809
545-85-4803,Claudette Strosin,Product Facilitator,$109 891
922-57-3228,Dorian Yundt,Hospitality Director,$122 701
574-46-9690,Noble Wintheiser,Dynamic Community-Services Designer,$40 452
430-06-3217,Elijah Lockman,Chief Orchestrator,$38 250
232-62-3703,Eunice Watsica,Legacy Strategist,$52 907
321-41-2989,Anthony Herzog,Legacy Administration Engineer,$100 579
302-48-4349,Jose Tremblay,Corporate Engineer,$73 322
788-77-7563,Shanell Wiza,Global Real-Estate Architect,$60 368
591-25-4566,Chae Kemmer,Forward IT Executive,$51 549
773-04-0882,Ty Kassulke,Accounting Coordinator,$107 785
681-11-8344,Wayne Rohan,Design Designer,$119 828
772-81-1526,Kaila Stanton,Legacy Retail Director,$49 634
530-17-5884,Shanita Jakubowski,Internal Manager,$118 866
708-93-4955,Dave Jaskolski,Healthcare Engineer,$93 554
118-56-2007,Curtis Schumm,Mining Facilitator,$29 540
247-75-9918,Karly Schulist,International IT Designer,$81 639
139-16-7567,Olen Rodriguez,Internal Construction Agent,$33 307
761-14-1809,Doretta MacGyver,Corporate Administration Designer,$29 276
972-86-7041,Armand Howe,Sales Executive,$28 243
562-04-2897,Harvey Langosh,Sales Associate,$81 684
432-90-6536,Harley Fisher,Healthcare Orchestrator,$68 241
798-02-2454,Elmer Howell,Senior Farming Analyst,$101 599
139-96-8056,Candyce Swaniawski,Central Community-Services Agent,$101 252
970-31-8241,Rosette Haag,Legacy Representative,$87 971
375-41-6002,Rey Trantow,Corporate Banking Agent,$89 977
137-23-5215,Annalisa Kassulke,Internal Planner,$28 586
368-55-0819,Lamont Barrows,Manufacturing Supervisor,$86 860
816-15-5954,Devin Conroy,Forward Government Officer,$65 167
113-34-2184,Lekisha Wilderman,Legacy IT Representative,$54 618
195-07-1529,Nguyet Feest,Direct Advertising Representative,$86 714
555-58-5569,Felica Prohaska,Corporate Facilitator,$68 470
932-38-1494,Roselyn Mraz,Human Officer,$88 311
637-59-3976,Jarvis Murphy,Retail Producer,$121 672
318-32-5005,Irving Rohan,Accounting Designer,$118 220
321-44-9658,Benton Nienow,Marketing Director,$46 964
505-74-2695,Connie Hoppe,Principal Sales Associate,$78 631
235-13-7077,Lorrie Pfeffer,Product Banking Officer,$83 280
816-96-0853,Lisha Hand,Corporate Construction Developer,$102 399
931-29-7172,Robby Rohan,Future Manager,$103 335
848-68-2530,Verdie Wolff,Forward Banking Agent,$113 601
957-25-2785,Kristyn Olson,Healthcare Analyst,$64 984
256-25-8316,Nathanael Stehr,Central Accounting Technician,$76 368
643-66-6480,Ezekiel Dicki,Banking Associate,$102 139
447-47-0092,Jaime Batz,Mining Specialist,$113 711
814-37-4704,Gaston Tromp,Healthcare Developer,$74 008
475-36-1492,Richie Marvin,Chief Marketing Facilitator,$89 675
685-91-5073,Quintin Heller,Dynamic Design Planner,$35 158
442-94-7628,Romaine Von,IT Consultant,$59 814
896-44-8363,Norah Altenwerth,Marketing Specialist,$45 925
693-56-0758,Gabriele Kozey,Education Director,$76 006
209-59-2959,Myles McDermott,Investor Technology Technician,$61 174
447-26-6735,Cleta Marks,Legacy Mining Consultant,$77 324
904-93-1763,Anh Blick,Construction Orchestrator,$32 174
102-04-8172,Marlo Shanahan,Retail Representative,$86 594
472-48-8210,Deann Jacobi,Principal Administrator,$91 818
451-57-5934,Salome Marvin,Senior Consultant,$52 715
741-17-8975,Debera Hansen,Product Advertising Strategist,$98 233
820-25-4740,Kip Goldner,Forward Government Executive,$35 135
434-18-9570,Efrain Adams,National Retail Representative,$90 784
633-47-4499,Charlie Beer,Chief Manufacturing Supervisor,$25 716
767-44-8006,Esta Walsh,Real-Estate Liaison,$26 666
800-98-8474,Benjamin Hettinger,Chief Marketing Supervisor,$81 231
631-08-8907,Deshawn Ledner,Forward Consulting Consultant,$74 801
849-83-6761,Amberly Schaden,Marketing Agent,$77 745
157-74-2806,Marian Ferry,Human Farming Architect,$26 432
715-02-9176,Leonard Luettgen,Senior Government Producer,$49 997
250-26-1329,Ignacia Koepp,Forward IT Coordinator,$51 899
654-80-6002,Raymundo Upton,Investor Facilitator,$101 073
507-99-2348,Dan Powlowski,Global Orchestrator,$104 392
722-17-6923,Francene Gulgowski,Direct Administration Engineer,$52 728
529-78-8755,Coy Morissette,Internal Analyst,$115 821
452-72-5495,Booker Schowalter,Customer Marketing Manager,$52 782
138-95-0608,Christiana Williamson,Product Accounting Planner,$109 728
583-82-3275,Daniel Dach,Legal Officer,$27 881
222-06-5458,Diane Hirthe,Internal Engineer,$123 423
281-84-7400,Noah Bechtelar,Healthcare Technician,$104 965
569-48-7271,Darren Bruen,Chief Sales Liaison,$54 338
917-79-8673,Russ Cassin,Forward Hospitality Designer,$124 394
134-07-8392,Carlos Predovic,Direct Liaison,$81 721
193-24-8350,Lola Heller,Regional Sales Orchestrator,$58 669
729-15-2915,Merissa Schultz,Marketing Manager,$109 183
634-92-0182,Devin Friesen,Administration Planner,$42 022
201-76-8491,Pei Kulas,Lead Associate,$118 507
472-34-8772,Buck Fisher,Future Community-Services Administrator,$51 420
487-46-6788,Vernell Friesen,Legal Engineer,$62 162
790-76-5429,Gary Brakus,Legacy Real-Estate Analyst,$48 136
478-58-3434,Ruthie Douglas,Legacy Design Orchestrator,$104 131
622-43-6522,Jude Conn,District Marketing Facilitator,$34 097
944-37-0100,Walker Wilkinson,Marketing Facilitator,$64 456
289-61-7301,Derrick Collier,International Banking Consultant,$111 657
591-71-0824,Joel Will,Mining Liaison,$53 595
647-86-2596,Stefan White,Regional Supervisor,$72 609
841-16-4812,Gricelda O'Kon,Customer Manager,$87 930
506-98-1812,Michele Rice,Technology Producer,$67 457
468-56-2893,Madelaine Koch,Customer Construction Consultant,$59 560
313-54-5825,Jesse Keebler,Global Planner,$51 503
518-73-9522,Mack Langosh,Investor Banking Administrator,$30 211
377-56-9332,Len Grant,Marketing Agent,$63 540
466-96-4817,Monet Zieme,Advertising Supervisor,$55 288
414-80-3389,Wilfred Hartmann,Forward Coordinator,$71 329
774-25-6248,Pablo Pfannerstill,Senior Banking Agent,$112 304
805-64-1808,Scottie Trantow,Product IT Coordinator,$104 026
452-22-1340,Simone Waters,Investor Sales Coordinator,$32 244
976-53-7300,Joella Hoeger,Government Executive,$95 332
258-10-3241,Don Cormier,Senior Manufacturing Associate,$35 670
356-02-5847,Casandra Weimann,Community-Services Associate,$72 563
330-92-9365,Ricardo Ruecker,Marketing Agent,$44 082
445-90-2055,John Mohr,Future Administrator,$81 497
186-80-5430,Raymundo Carter,Advertising Supervisor,$49 607
629-24-1464,Chara Walter,Future Retail Strategist,$113 874
205-95-5800,Sally Connelly,Advertising Associate,$55 671
169-76-5006,Iliana Schuster,Real-Estate Architect,$111 312
664-77-4542,Marcelino Lueilwitz,Hospitality Assistant,$110 354
810-88-8307,Michel Homenick,Legal Director,$107 286
551-65-8909,Richie Kohler,Internal IT Architect,$46 527
602-99-8311,Haywood Rath,Regional Sales Representative,$40 425
358-51-3794,Broderick Kertzmann,Dynamic Administration Producer,$102 683
991-72-3570,Miguel Heathcote,Internal Executive,$88 692
856-13-9348,Kristine Wintheiser,Marketing Officer,$88 696
983-12-1402,Bryan Robel,Future Education Liaison,$41 649
233-60-0821,Jeanine Stoltenberg,Investor Technician,$93 364
169-86-6363,Doyle Crooks,Internal Supervisor,$44 408
308-65-9126,Joseph Anderson,Manufacturing Supervisor,$70 870
269-05-1315,Cassie Barrows,Administration Assistant,$80 949
211-60-7590,Isreal Dicki,Corporate Specialist,$59 713
866-13-8389,Lawrence Lemke,Hospitality Consultant,$26 761
525-78-1784,Wilton Thompson,Future Construction Officer,$63 689
156-87-1269,Wava Yost,Administration Specialist,$71 934
973-90-2517,Kira Raynor,Dynamic Retail Developer,$114 950
602-27-7511,Kalyn Ernser,IT Agent,$48 304
593-32-6139,Steven O'Kon,National Technology Liaison,$48 179
351-90-4327,Ashanti Mueller,Design Liaison,$104 016
131-93-9688,Lenita Kuvalis,Dynamic Facilitator,$59 663
402-48-4525,Tania Rodriguez,Central Analyst,$100 845
797-33-5986,Reagan Hoppe,Product Farming Specialist,$61 404
858-92-8164,Heath Howe,Education Technician,$90 213
815-34-5189,Dee Gislason,Healthcare Manager,$97 235
334-33-4488,Bob Fisher,Regional Officer,$42 397
188-26-0246,Meagan Kunze,Legal Associate,$25 062
315-90-1453,Evita Huels,Investor Designer,$84 656
217-39-4234,Henriette Parker,Sales Producer,$42 894
165-67-1947,Garry Ankunding,Design Representative,$100 823
906-50-5163,Malcolm Wuckert,Global Administration Director,$47 154
143-22-7306,Tamatha Schmeler,Education Analyst,$122 255
695-57-0013,Kizzie Jenkins,National Sales Liaison,$102 227
265-35-0947,Cesar Lemke,Sales Developer,$110 941
753-96-5103,Catrina Windler,Design Consultant,$103 503
560-77-1798,Arlen Tromp,National Manufacturing Associate,$91 714
761-55-4026,Ozzie Price,Marketing Officer,$68 780
291-11-0996,Miles Homenick,Investor Real-Estate Consultant,$83 382
317-45-4796,Frankie Krajcik,National Hospitality Associate,$55 324
938-56-7471,Michale Gutmann,Forward Producer,$72 639
644-79-7733,Wiley Johnston,Dynamic Advertising Analyst,$123 482
387-31-8460,Gracie Corwin,Technology Coordinator,$79 031
437-34-9510,Leopoldo Stanton,Banking Analyst,$99 167
818-18-4059,Hiram Bednar,Consulting Liaison,$60 523
683-69-9845,Inge Stracke,Senior Planner,$54 578
926-36-2482,Nathanael Brown,Global Mining Architect,$29 624
430-45-6540,Graig Stoltenberg,Retail Liaison,$121 578
923-49-0098,Angelita Kuphal,Global IT Engineer,$69 733
715-85-8666,Rafael Reilly,Senior Hospitality Officer,$25 709
933-23-4931,Gaylene Cremin,Principal Facilitator,$117 610
354-10-0998,Tamesha Stehr,Forward Engineer,$97 468
971-47-0225,Dino Kautzer,Accounting Developer,$33 903
631-23-0005,Dong Morissette,Mining Developer,$116 016
703-64-7239,Alex Medhurst,Dynamic Mining Coordinator,$90 911
690-36-9816,Fe Lockman,Product Retail Architect,$101 253
244-91-6546,Queenie Kreiger,Global Mining Specialist,$121 016
470-23-6232,Terrie Nicolas,Central Government Analyst,$117 477
547-70-5544,Keven Hessel,International Technology Engineer,$49 918
167-46-4431,Jimmie Lehner,Human Education Designer,$104 703
848-94-5096,Tesha Schuppe,Dynamic Hospitality Supervisor,$77 930
370-96-5577,Desiree Nienow,Education Architect,$115 640
429-24-5522,Nery Koepp,Legacy IT Assistant,$100 572
283-31-4488,Fabian Smitham,Direct Supervisor,$40 512
317-01-8280,Franklyn Kiehn,Human Associate,$70 730
400-15-8320,Eddie Conn,Internal Community-Services Supervisor,$40 982
294-79-9105,Gay Gislason,Global Administration Designer,$108 425
482-98-7519,Francisco Denesik,Regional Facilitator,$119 842
314-00-8273,Fredric Gleason,Dynamic Sales Orchestrator,$49 046
582-18-8242,Lera Sauer,Lead Marketing Technician,$41 060
895-86-9822,Helen Hoppe,Product Banking Associate,$41 144
897-48-2649,Maryland Turcotte,Central Design Orchestrator,$96 661
505-45-7161,Beverlee Will,Principal Producer,$66 411
122-12-4925,Bobbye Emard,Chief Government Manager,$121 847
481-89-6337,Colton Doyle,Principal IT Facilitator,$101 832
854-00-8180,Devon Schaden,Legal Strategist,$45 666
